"행정구역","2026년01월_거주자_총인구수","2026년01월_거주자_연령구간인구수","2026년01월_거주자_0~9세","2026년01월_거주자_10~19세","2026년01월_거주자_20~29세","2026년01월_거주자_30~39세","2026년01월_거주자_40~49세","2026년01월_거주자_50~59세","2026년01월_거주자_60~69세","2026년01월_거주자_70~79세","2026년01월_거주자_80~89세","2026년01월_거주자_90~99세","2026년01월_거주자_100세 이상","2026년01월_남_거주자_총인구수","2026년01월_남_거주자_연령구간인구수","2026년01월_남_거주자_0~9세","2026년01월_남_거주자_10~19세","2026년01월_남_거주자_20~29세","2026년01월_남_거주자_30~39세","2026년01월_남_거주자_40~49세","2026년01월_남_거주자_50~59세","2026년01월_남_거주자_60~69세","2026년01월_남_거주자_70~79세","2026년01월_남_거주자_80~89세","2026년01월_남_거주자_90~99세","2026년01월_남_거주자_100세 이상","2026년01월_여_거주자_총인구수","2026년01월_여_거주자_연령구간인구수","2026년01월_여_거주자_0~9세","2026년01월_여_거주자_10~19세","2026년01월_여_거주자_20~29세","2026년01월_여_거주자_30~39세","2026년01월_여_거주자_40~49세","2026년01월_여_거주자_50~59세","2026년01월_여_거주자_60~69세","2026년01월_여_거주자_70~79세","2026년01월_여_거주자_80~89세","2026년01월_여_거주자_90~99세","2026년01월_여_거주자_100세 이상","2026년02월_거주자_총인구수","2026년02월_거주자_연령구간인구수","2026년02월_거주자_0~9세","2026년02월_거주자_10~19세","2026년02월_거주자_20~29세","2026년02월_거주자_30~39세","2026년02월_거주자_40~49세","2026년02월_거주자_50~59세","2026년02월_거주자_60~69세","2026년02월_거주자_70~79세","2026년02월_거주자_80~89세","2026년02월_거주자_90~99세","2026년02월_거주자_100세 이상","2026년02월_남_거주자_총인구수","2026년02월_남_거주자_연령구간인구수","2026년02월_남_거주자_0~9세","2026년02월_남_거주자_10~19세","2026년02월_남_거주자_20~29세","2026년02월_남_거주자_30~39세","2026년02월_남_거주자_40~49세","2026년02월_남_거주자_50~59세","2026년02월_남_거주자_60~69세","2026년02월_남_거주자_70~79세","2026년02월_남_거주자_80~89세","2026년02월_남_거주자_90~99세","2026년02월_남_거주자_100세 이상","2026년02월_여_거주자_총인구수","2026년02월_여_거주자_연령구간인구수","2026년02월_여_거주자_0~9세","2026년02월_여_거주자_10~19세","2026년02월_여_거주자_20~29세","2026년02월_여_거주자_30~39세","2026년02월_여_거주자_40~49세","2026년02월_여_거주자_50~59세","2026년02월_여_거주자_60~69세","2026년02월_여_거주자_70~79세","2026년02월_여_거주자_80~89세","2026년02월_여_거주자_90~99세","2026년02월_여_거주자_100세 이상","2026년03월_거주자_총인구수","2026년03월_거주자_연령구간인구수","2026년03월_거주자_0~9세","2026년03월_거주자_10~19세","2026년03월_거주자_20~29세","2026년03월_거주자_30~39세","2026년03월_거주자_40~49세","2026년03월_거주자_50~59세","2026년03월_거주자_60~69세","2026년03월_거주자_70~79세","2026년03월_거주자_80~89세","2026년03월_거주자_90~99세","2026년03월_거주자_100세 이상","2026년03월_남_거주자_총인구수","2026년03월_남_거주자_연령구간인구수","2026년03월_남_거주자_0~9세","2026년03월_남_거주자_10~19세","2026년03월_남_거주자_20~29세","2026년03월_남_거주자_30~39세","2026년03월_남_거주자_40~49세","2026년03월_남_거주자_50~59세","2026년03월_남_거주자_60~69세","2026년03월_남_거주자_70~79세","2026년03월_남_거주자_80~89세","2026년03월_남_거주자_90~99세","2026년03월_남_거주자_100세 이상","2026년03월_여_거주자_총인구수","2026년03월_여_거주자_연령구간인구수","2026년03월_여_거주자_0~9세","2026년03월_여_거주자_10~19세","2026년03월_여_거주자_20~29세","2026년03월_여_거주자_30~39세","2026년03월_여_거주자_40~49세","2026년03월_여_거주자_50~59세","2026년03월_여_거주자_60~69세","2026년03월_여_거주자_70~79세","2026년03월_여_거주자_80~89세","2026년03월_여_거주자_90~99세","2026년03월_여_거주자_100세 이상","2026년04월_거주자_총인구수","2026년04월_거주자_연령구간인구수","2026년04월_거주자_0~9세","2026년04월_거주자_10~19세","2026년04월_거주자_20~29세","2026년04월_거주자_30~39세","2026년04월_거주자_40~49세","2026년04월_거주자_50~59세","2026년04월_거주자_60~69세","2026년04월_거주자_70~79세","2026년04월_거주자_80~89세","2026년04월_거주자_90~99세","2026년04월_거주자_100세 이상","2026년04월_남_거주자_총인구수","2026년04월_남_거주자_연령구간인구수","2026년04월_남_거주자_0~9세","2026년04월_남_거주자_10~19세","2026년04월_남_거주자_20~29세","2026년04월_남_거주자_30~39세","2026년04월_남_거주자_40~49세","2026년04월_남_거주자_50~59세","2026년04월_남_거주자_60~69세","2026년04월_남_거주자_70~79세","2026년04월_남_거주자_80~89세","2026년04월_남_거주자_90~99세","2026년04월_남_거주자_100세 이상","2026년04월_여_거주자_총인구수","2026년04월_여_거주자_연령구간인구수","2026년04월_여_거주자_0~9세","2026년04월_여_거주자_10~19세","2026년04월_여_거주자_20~29세","2026년04월_여_거주자_30~39세","2026년04월_여_거주자_40~49세","2026년04월_여_거주자_50~59세","2026년04월_여_거주자_60~69세","2026년04월_여_거주자_70~79세","2026년04월_여_거주자_80~89세","2026년04월_여_거주자_90~99세","2026년04월_여_거주자_100세 이상"
"서울특별시  (1100000000)","9,233,477","9,233,477","459,008","715,905","1,245,417","1,455,919","1,350,737","1,452,383","1,303,402","827,409","366,555","55,415","1,327","4,446,996","4,446,996","235,661","365,616","582,260","727,392","667,078","713,234","617,663","372,647","149,387","15,805","253","4,786,481","4,786,481","223,347","350,289","663,157","728,527","683,659","739,149","685,739","454,762","217,168","39,610","1,074","9,238,078","9,238,078","457,883","717,911","1,243,103","1,453,703","1,351,637","1,452,741","1,304,263","831,955","367,484","56,051","1,347","4,448,615","4,448,615","235,219","366,209","581,169","726,061","667,730","713,191","618,209","374,752","149,774","16,036","265","4,789,463","4,789,463","222,664","351,702","661,934","727,642","683,907","739,550","686,054","457,203","217,710","40,015","1,082","9,238,662","9,238,662","456,369","718,682","1,240,348","1,457,901","1,347,262","1,448,776","1,304,987","837,253","368,849","56,887","1,348","4,447,513","4,447,513","234,364","366,239","579,453","727,836","665,579","711,309","618,719","377,045","150,375","16,327","267","4,791,149","4,791,149","222,005","352,443","660,895","730,065","681,683","737,467","686,268","460,208","218,474","40,560","1,081","9,233,066","9,233,066","455,285","717,167","1,235,592","1,459,863","1,345,085","1,447,146","1,304,872","839,832","369,461","57,418","1,345","4,444,168","4,444,168","233,819","365,427","576,775","728,870","664,445","710,420","618,883","378,109","150,671","16,481","268","4,788,898","4,788,898","221,466","351,740","658,817","730,993","680,640","736,726","685,989","461,723","218,790","40,937","1,077"
"서울특별시 종로구 (1111000000)","135,136","135,136","5,049","9,104","19,989","19,668","17,915","22,350","20,584","12,469","6,794","1,184","30","64,679","64,679","2,585","4,451","9,256","9,805","8,582","10,941","10,261","5,749","2,672","370","7","70,457","70,457","2,464","4,653","10,733","9,863","9,333","11,409","10,323","6,720","4,122","814","23","135,116","135,116","5,034","9,146","20,012","19,618","17,862","22,345","20,582","12,489","6,796","1,202","30","64,641","64,641","2,574","4,461","9,273","9,775","8,555","10,936","10,255","5,763","2,669","372","8","70,475","70,475","2,460","4,685","10,739","9,843","9,307","11,409","10,327","6,726","4,127","830","22","135,176","135,176","5,009","9,180","19,980","19,762","17,817","22,247","20,579","12,570","6,788","1,215","29","64,653","64,653","2,570","4,467","9,250","9,852","8,526","10,889","10,244","5,798","2,670","379","8","70,523","70,523","2,439","4,713","10,730","9,910","9,291","11,358","10,335","6,772","4,118","836","21","135,081","135,081","5,005","9,149","19,929","19,758","17,809","22,169","20,614","12,593","6,801","1,226","28","64,581","64,581","2,568","4,450","9,228","9,845","8,522","10,838","10,242","5,822","2,679","379","8","70,500","70,500","2,437","4,699","10,701","9,913","9,287","11,331","10,372","6,771","4,122","847","20"
"서울특별시 중구 (1114000000)","116,352","116,352","4,933","5,726","15,594","21,108","15,868","17,439","17,568","11,377","5,726","994","19","55,747","55,747","2,493","2,866","6,940","10,506","7,948","8,718","8,645","5,209","2,165","254","3","60,605","60,605","2,440","2,860","8,654","10,602","7,920","8,721","8,923","6,168","3,561","740","16","116,268","116,268","4,848","5,825","15,520","21,014","15,891","17,429","17,548","11,439","5,742","992","20","55,736","55,736","2,469","2,913","6,904","10,467","7,961","8,717","8,628","5,247","2,172","255","3","60,532","60,532","2,379","2,912","8,616","10,547","7,930","8,712","8,920","6,192","3,570","737","17","116,415","116,415","4,846","5,848","15,535","21,072","15,913","17,399","17,535","11,493","5,743","1,011","20","55,847","55,847","2,467","2,926","6,929","10,490","7,969","8,721","8,637","5,274","2,170","261","3","60,568","60,568","2,379","2,922","8,606","10,582","7,944","8,678","8,898","6,219","3,573","750","17","116,427","116,427","4,840","5,812","15,478","21,115","15,930","17,416","17,508","11,560","5,727","1,022","19","55,851","55,851","2,471","2,904","6,886","10,523","7,966","8,738","8,620","5,308","2,164","268","3","60,576","60,576","2,369","2,908","8,592","10,592","7,964","8,678","8,888","6,252","3,563","754","16"
"서울특별시 용산구 (1117000000)","198,734","198,734","9,796","12,572","26,173","36,864","28,572","31,090","27,583","15,962","8,515","1,561","46","94,504","94,504","4,953","6,438","11,622","17,913","14,114","15,056","13,477","7,206","3,234","477","14","104,230","104,230","4,843","6,134","14,551","18,951","14,458","16,034","14,106","8,756","5,281","1,084","32","198,480","198,480","9,764","12,593","26,030","36,736","28,576","31,070","27,530","16,075","8,483","1,576","47","94,367","94,367","4,944","6,439","11,531","17,878","14,120","15,023","13,450","7,270","3,222","477","13","104,113","104,113","4,820","6,154","14,499","18,858","14,456","16,047","14,080","8,805","5,261","1,099","34","197,948","197,948","9,757","12,571","25,829","36,715","28,443","30,920","27,522","16,087","8,469","1,589","46","94,058","94,058","4,947","6,402","11,406","17,850","14,039","14,978","13,437","7,293","3,209","485","12","103,890","103,890","4,810","6,169","14,423","18,865","14,404","15,942","14,085","8,794","5,260","1,104","34","197,183","197,183","9,732","12,542","25,637","36,652","28,364","30,798","27,371","16,024","8,408","1,605","50","93,631","93,631","4,930","6,390","11,300","17,797","13,984","14,912","13,366","7,258","3,197","482","15","103,552","103,552","4,802","6,152","14,337","18,855","14,380","15,886","14,005","8,766","5,211","1,123","35"
"서울특별시 성동구 (1120000000)","272,673","272,673","15,643","17,073","37,531","48,202","39,240","42,217","38,066","22,265","10,837","1,571","28","131,544","131,544","8,059","8,430","17,840","23,684","19,690","20,567","18,619","10,031","4,198","421","5","141,129","141,129","7,584","8,643","19,691","24,518","19,550","21,650","19,447","12,234","6,639","1,150","23","272,835","272,835","15,584","17,181","37,538","48,037","39,273","42,274","38,052","22,419","10,857","1,591","29","131,544","131,544","8,023","8,416","17,856","23,604","19,698","20,586","18,605","10,109","4,214","427","6","141,291","141,291","7,561","8,765","19,682","24,433","19,575","21,688","19,447","12,310","6,643","1,164","23","273,084","273,084","15,638","17,269","37,529","48,158","39,189","42,193","38,072","22,522","10,856","1,629","29","131,637","131,637","8,047","8,454","17,886","23,632","19,657","20,561","18,594","10,154","4,208","438","6","141,447","141,447","7,591","8,815","19,643","24,526","19,532","21,632","19,478","12,368","6,648","1,191","23","272,909","272,909","15,623","17,247","37,429","48,158","39,146","42,188","38,055","22,549","10,850","1,637","27","131,566","131,566","8,020","8,452","17,853","23,635","19,645","20,582","18,586","10,155","4,197","435","6","141,343","141,343","7,603","8,795","19,576","24,523","19,501","21,606","19,469","12,394","6,653","1,202","21"
"서울특별시 광진구 (1121500000)","328,601","328,601","13,439","22,777","54,480","56,551","45,477","50,481","45,255","26,610","11,711","1,781","39","157,212","157,212","6,868","11,507","24,889","28,118","22,190","24,445","21,712","12,087","4,881","504","11","171,389","171,389","6,571","11,270","29,591","28,433","23,287","26,036","23,543","14,523","6,830","1,277","28","328,772","328,772","13,409","22,816","54,485","56,443","45,504","50,440","45,344","26,699","11,776","1,815","41","157,313","157,313","6,862","11,505","24,942","28,044","22,208","24,431","21,769","12,119","4,910","511","12","171,459","171,459","6,547","11,311","29,543","28,399","23,296","26,009","23,575","14,580","6,866","1,304","29","328,807","328,807","13,372","22,928","54,406","56,560","45,382","50,214","45,394","26,855","11,819","1,839","38","157,261","157,261","6,844","11,545","24,872","28,102","22,124","24,326","21,786","12,203","4,930","518","11","171,546","171,546","6,528","11,383","29,534","28,458","23,258","25,888","23,608","14,652","6,889","1,321","27","328,723","328,723","13,332","22,879","54,217","56,692","45,399","50,060","45,442","26,979","11,827","1,857","39","157,183","157,183","6,819","11,522","24,735","28,149","22,148","24,258","21,830","12,250","4,938","523","11","171,540","171,540","6,513","11,357","29,482","28,543","23,251","25,802","23,612","14,729","6,889","1,334","28"
"서울특별시 동대문구 (1123000000)","346,426","346,426","17,744","22,730","54,926","54,534","47,682","52,058","48,343","31,213","15,032","2,115","49","168,742","168,742","9,033","11,516","25,662","27,688","24,364","26,118","23,646","14,104","5,975","625","11","177,684","177,684","8,711","11,214","29,264","26,846","23,318","25,940","24,697","17,109","9,057","1,490","38","348,210","348,210","17,768","23,225","55,269","54,776","47,810","52,264","48,435","31,394","15,064","2,155","50","169,563","169,563","9,064","11,723","25,878","27,777","24,399","26,223","23,672","14,193","5,983","640","11","178,647","178,647","8,704","11,502","29,391","26,999","23,411","26,041","24,763","17,201","9,081","1,515","39","349,373","349,373","17,774","23,459","55,489","55,186","47,821","52,169","48,488","31,601","15,159","2,176","51","170,079","170,079","9,060","11,842","25,911","27,984","24,425","26,188","23,681","14,311","6,012","654","11","179,294","179,294","8,714","11,617","29,578","27,202","23,396","25,981","24,807","17,290","9,147","1,522","40","349,491","349,491","17,788","23,387","55,361","55,382","47,859","52,084","48,508","31,707","15,171","2,194","50","170,129","170,129","9,090","11,791","25,860","28,072","24,446","26,126","23,718","14,347","6,016","653","10","179,362","179,362","8,698","11,596","29,501","27,310","23,413","25,958","24,790","17,360","9,155","1,541","40"
"서울특별시 중랑구 (1126000000)","375,109","375,109","16,547","23,062","44,779","58,575","50,328","61,207","63,778","38,158","16,340","2,281","54","182,983","182,983","8,409","11,881","21,077","29,788","26,187","30,091","30,880","17,443","6,615","605","7","192,126","192,126","8,138","11,181","23,702","28,787","24,141","31,116","32,898","20,715","9,725","1,676","47","375,077","375,077","16,385","23,085","44,748","58,525","50,228","61,116","63,880","38,385","16,367","2,304","54","182,877","182,877","8,329","11,877","21,018","29,751","26,130","30,062","30,921","17,544","6,621","616","8","192,200","192,200","8,056","11,208","23,730","28,774","24,098","31,054","32,959","20,841","9,746","1,688","46","374,876","374,876","16,287","23,038","44,495","58,728","50,069","60,767","64,006","38,634","16,456","2,339","57","182,757","182,757","8,277","11,828","20,889","29,863","26,025","29,903","30,987","17,684","6,659","634","8","192,119","192,119","8,010","11,210","23,606","28,865","24,044","30,864","33,019","20,950","9,797","1,705","49","374,803","374,803","16,261","22,944","44,270","58,894","50,015","60,639","64,033","38,815","16,513","2,364","55","182,748","182,748","8,272","11,784","20,777","29,967","26,007","29,851","30,980","17,786","6,677","639","8","192,055","192,055","7,989","11,160","23,493","28,927","24,008","30,788","33,053","21,029","9,836","1,725","47"
"서울특별시 성북구 (1129000000)","419,522","419,522","21,344","33,655","62,189","56,623","59,197","69,998","58,029","37,193","18,471","2,764","59","200,414","200,414","11,013","17,014","28,945","28,326","29,209","34,301","27,252","16,321","7,241","781","11","219,108","219,108","10,331","16,641","33,244","28,297","29,988","35,697","30,777","20,872","11,230","1,983","48","419,929","419,929","21,223","34,098","62,195","56,493","59,074","70,061","58,081","37,353","18,491","2,798","62","200,595","200,595","10,969","17,131","29,023","28,263","29,155","34,315","27,282","16,400","7,248","796","13","219,334","219,334","10,254","16,967","33,172","28,230","29,919","35,746","30,799","20,953","11,243","2,002","49","420,178","420,178","21,171","34,286","62,195","56,664","58,856","69,888","58,043","37,581","18,580","2,854","60","200,518","200,518","10,939","17,149","28,977","28,302","29,055","34,204","27,303","16,506","7,264","807","12","219,660","219,660","10,232","17,137","33,218","28,362","29,801","35,684","30,740","21,075","11,316","2,047","48","419,853","419,853","21,156","34,165","62,064","56,723","58,753","69,755","58,049","37,658","18,595","2,874","61","200,303","200,303","10,929","17,103","28,840","28,330","29,006","34,134","27,326","16,541","7,266","816","12","219,550","219,550","10,227","17,062","33,224","28,393","29,747","35,621","30,723","21,117","11,329","2,058","49"
"서울특별시 강북구 (1130500000)","276,750","276,750","9,525","17,767","33,926","34,115","35,764","47,967","47,184","32,366","16,061","2,036","39","132,973","132,973","4,825","9,076","15,696","17,858","18,612","23,696","22,410","13,961","6,228","607","4","143,777","143,777","4,700","8,691","18,230","16,257","17,152","24,271","24,774","18,405","9,833","1,429","35","276,794","276,794","9,489","17,838","33,812","34,050","35,710","47,982","47,209","32,501","16,092","2,069","42","132,970","132,970","4,805","9,063","15,649","17,825","18,618","23,695","22,411","14,037","6,246","614","7","143,824","143,824","4,684","8,775","18,163","16,225","17,092","24,287","24,798","18,464","9,846","1,455","35","276,786","276,786","9,428","17,864","33,737","34,116","35,591","47,814","47,295","32,655","16,138","2,105","43","132,863","132,863","4,771","9,046","15,549","17,848","18,571","23,627","22,469","14,091","6,256","628","7","143,923","143,923","4,657","8,818","18,188","16,268","17,020","24,187","24,826","18,564","9,882","1,477","36","276,525","276,525","9,380","17,802","33,634","34,104","35,460","47,743","47,317","32,733","16,162","2,147","43","132,752","132,752","4,774","8,999","15,511","17,854","18,509","23,590","22,489","14,126","6,252","640","8","143,773","143,773","4,606","8,803","18,123","16,250","16,951","24,153","24,828","18,607","9,910","1,507","35"
"서울특별시 도봉구 (1132000000)","297,739","297,739","11,716","21,115","33,013","36,997","39,248","51,409","52,798","33,247","15,777","2,349","70","143,580","143,580","6,102","10,955","16,106","19,017","19,739","24,670","24,693","15,315","6,318","651","14","154,159","154,159","5,614","10,160","16,907","17,980","19,509","26,739","28,105","17,932","9,459","1,698","56","297,508","297,508","11,635","21,063","32,873","36,883","39,146","51,347","52,835","33,447","15,834","2,375","70","143,478","143,478","6,049","10,938","16,058","18,940","19,706","24,649","24,707","15,418","6,336","662","15","154,030","154,030","5,586","10,125","16,815","17,943","19,440","26,698","28,128","18,029","9,498","1,713","55","297,295","297,295","11,558","21,072","32,746","36,888","38,964","51,195","52,860","33,668","15,877","2,395","72","143,294","143,294","5,998","10,952","15,972","18,934","19,606","24,602","24,707","15,475","6,363","670","15","154,001","154,001","5,560","10,120","16,774","17,954","19,358","26,593","28,153","18,193","9,514","1,725","57","297,059","297,059","11,534","20,998","32,568","36,892","38,877","51,087","52,922","33,808","15,887","2,415","71","143,234","143,234","5,979","10,916","15,912","18,956","19,565","24,561","24,753","15,527","6,367","681","17","153,825","153,825","5,555","10,082","16,656","17,936","19,312","26,526","28,169","18,281","9,520","1,734","54"
"서울특별시 노원구 (1135000000)","480,303","480,303","22,734","43,744","60,463","60,872","68,325","83,159","71,956","44,900","20,608","3,459","83","229,666","229,666","11,679","22,623","30,389","30,741","32,735","39,890","33,323","19,806","7,579","885","16","250,637","250,637","11,055","21,121","30,074","30,131","35,590","43,269","38,633","25,094","13,029","2,574","67","480,143","480,143","22,707","43,827","60,183","60,715","68,361","83,038","71,955","45,183","20,612","3,480","82","229,609","229,609","11,667","22,628","30,300","30,661","32,784","39,817","33,337","19,911","7,585","904","15","250,534","250,534","11,040","21,199","29,883","30,054","35,577","43,221","38,618","25,272","13,027","2,576","67","480,352","480,352","22,639","44,110","60,277","60,936","68,078","82,600","71,991","45,434","20,670","3,534","83","229,727","229,727","11,617","22,785","30,359","30,769","32,657","39,626","33,345","20,010","7,619","925","15","250,625","250,625","11,022","21,325","29,918","30,167","35,421","42,974","38,646","25,424","13,051","2,609","68","479,965","479,965","22,615","43,861","60,148","61,190","67,889","82,402","71,913","45,604","20,695","3,565","83","229,458","229,458","11,620","22,647","30,221","30,933","32,565","39,487","33,315","20,095","7,634","926","15","250,507","250,507","10,995","21,214","29,927","30,257","35,324","42,915","38,598","25,509","13,061","2,639","68"
"서울특별시 은평구 (1138000000)","452,115","452,115","20,276","33,460","55,416","66,486","63,909","76,001","68,391","43,992","21,168","2,950","66","213,803","213,803","10,469","17,017","25,706","32,424","31,492","36,560","31,747","19,049","8,426","897","16","238,312","238,312","9,807","16,443","29,710","34,062","32,417","39,441","36,644","24,943","12,742","2,053","50","451,605","451,605","20,092","33,343","55,208","66,341","63,747","75,942","68,427","44,259","21,182","2,994","70","213,496","213,496","10,369","16,967","25,605","32,315","31,418","36,507","31,765","19,200","8,418","916","16","238,109","238,109","9,723","16,376","29,603","34,026","32,329","39,435","36,662","25,059","12,764","2,078","54","451,385","451,385","20,047","33,276","54,933","66,508","63,497","75,772","68,465","44,526","21,239","3,055","67","213,364","213,364","10,347","16,906","25,471","32,387","31,290","36,467","31,776","19,334","8,443","926","17","238,021","238,021","9,700","16,370","29,462","34,121","32,207","39,305","36,689","25,192","12,796","2,129","50","450,831","450,831","19,945","33,167","54,673","66,535","63,337","75,603","68,483","44,604","21,322","3,097","65","213,092","213,092","10,295","16,842","25,363","32,392","31,215","36,389","31,796","19,372","8,478","933","17","237,739","237,739","9,650","16,325","29,310","34,143","32,122","39,214","36,687","25,232","12,844","2,164","48"
"서울특별시 서대문구 (1141000000)","297,580","297,580","15,105","21,582","44,501","44,761","41,619","47,076","41,291","25,676","13,789","2,130","50","140,604","140,604","7,742","10,713","20,269","22,043","20,480","22,857","19,401","11,161","5,273","656","9","156,976","156,976","7,363","10,869","24,232","22,718","21,139","24,219","21,890","14,515","8,516","1,474","41","297,813","297,813","15,026","21,755","44,571","44,651","41,610","47,055","41,366","25,778","13,788","2,163","50","140,617","140,617","7,677","10,763","20,292","21,976","20,469","22,828","19,470","11,194","5,281","658","9","157,196","157,196","7,349","10,992","24,279","22,675","21,141","24,227","21,896","14,584","8,507","1,505","41","298,233","298,233","14,948","21,874","44,692","44,883","41,490","46,964","41,411","25,932","13,794","2,198","47","140,635","140,635","7,635","10,816","20,266","22,059","20,401","22,737","19,513","11,242","5,291","666","9","157,598","157,598","7,313","11,058","24,426","22,824","21,089","24,227","21,898","14,690","8,503","1,532","38","298,046","298,046","14,902","21,794","44,513","45,074","41,435","46,884","41,429","25,986","13,766","2,216","47","140,485","140,485","7,622","10,766","20,149","22,166","20,361","22,663","19,539","11,260","5,275","675","9","157,561","157,561","7,280","11,028","24,364","22,908","21,074","24,221","21,890","14,726","8,491","1,541","38"
"서울특별시 마포구 (1144000000)","354,230","354,230","18,147","25,628","54,108","64,153","53,934","55,027","42,097","25,340","13,549","2,206","41","164,368","164,368","9,285","12,784","23,328","30,127","25,879","26,642","19,779","10,718","5,165","658","3","189,862","189,862","8,862","12,844","30,780","34,026","28,055","28,385","22,318","14,622","8,384","1,548","38","354,161","354,161","18,037","25,696","54,060","63,989","53,943","55,038","42,104","25,490","13,544","2,221","39","164,286","164,286","9,239","12,824","23,249","30,043","25,904","26,614","19,783","10,809","5,150","668","3","189,875","189,875","8,798","12,872","30,811","33,946","28,039","28,424","22,321","14,681","8,394","1,553","36","353,997","353,997","17,953","25,669","53,939","64,147","53,707","54,946","42,096","25,710","13,546","2,240","44","164,245","164,245","9,198","12,812","23,201","30,131","25,818","26,550","19,807","10,892","5,162","669","5","189,752","189,752","8,755","12,857","30,738","34,016","27,889","28,396","22,289","14,818","8,384","1,571","39","353,917","353,917","17,946","25,657","53,739","64,213","53,653","54,975","42,128","25,777","13,523","2,261","45","164,199","164,199","9,215","12,791","23,118","30,139","25,790","26,568","19,836","10,920","5,140","676","6","189,718","189,718","8,731","12,866","30,621","34,074","27,863","28,407","22,292","14,857","8,383","1,585","39"
"서울특별시 양천구 (1147000000)","422,257","422,257","22,525","46,189","46,311","51,449","68,870","71,289","61,777","37,648","13,950","2,187","62","205,412","205,412","11,536","23,900","23,136","25,574","33,037","35,158","29,358","17,555","5,617","533","8","216,845","216,845","10,989","22,289","23,175","25,875","35,833","36,131","32,419","20,093","8,333","1,654","54","422,155","422,155","22,616","46,055","46,025","51,356","69,000","71,122","61,832","37,878","13,998","2,209","64","205,380","205,380","11,601","23,814","22,983","25,524","33,123","35,109","29,373","17,664","5,637","544","8","216,775","216,775","11,015","22,241","23,042","25,832","35,877","36,013","32,459","20,214","8,361","1,665","56","421,364","421,364","22,517","45,871","45,678","51,428","68,662","70,862","61,807","38,168","14,078","2,231","62","204,922","204,922","11,561","23,666","22,814","25,525","32,982","34,983","29,368","17,793","5,674","548","8","216,442","216,442","10,956","22,205","22,864","25,903","35,680","35,879","32,439","20,375","8,404","1,683","54","420,607","420,607","22,407","45,716","45,376","51,420","68,431","70,726","61,846","38,291","14,069","2,262","63","204,586","204,586","11,515","23,592","22,649","25,541","32,881","34,929","29,395","17,844","5,674","559","7","216,021","216,021","10,892","22,124","22,727","25,879","35,550","35,797","32,451","20,447","8,395","1,703","56"
"서울특별시 강서구 (1150000000)","546,456","546,456","26,503","39,997","70,997","95,833","81,019","80,634","78,294","50,177","19,656","3,252","94","260,873","260,873","13,605","20,431","31,597","47,591","40,725","39,484","35,943","22,741","7,898","845","13","285,583","285,583","12,898","19,566","39,400","48,242","40,294","41,150","42,351","27,436","11,758","2,407","81","545,970","545,970","26,368","39,865","70,688","95,572","81,034","80,601","78,266","50,459","19,737","3,287","93","260,526","260,526","13,559","20,354","31,362","47,446","40,759","39,408","35,961","22,875","7,937","851","14","285,444","285,444","12,809","19,511","39,326","48,126","40,275","41,193","42,305","27,584","11,800","2,436","79","545,913","545,913","26,271","39,819","70,334","95,986","80,759","80,378","78,256","50,890","19,796","3,332","92","260,454","260,454","13,514","20,329","31,223","47,658","40,593","39,313","35,947","23,032","7,954","877","14","285,459","285,459","12,757","19,490","39,111","48,328","40,166","41,065","42,309","27,858","11,842","2,455","78","545,653","545,653","26,186","39,763","70,068","96,082","80,648","80,292","78,218","51,097","19,845","3,362","92","260,299","260,299","13,459","20,319","31,065","47,738","40,501","39,304","35,924","23,106","7,987","884","12","285,354","285,354","12,727","19,444","39,003","48,344","40,147","40,988","42,294","27,991","11,858","2,478","80"
"서울특별시 구로구 (1153000000)","381,281","381,281","19,414","26,861","45,597","61,188","54,209","59,479","57,539","38,782","16,029","2,143","40","186,200","186,200","9,993","13,547","21,729","31,235","27,714","29,641","27,329","17,620","6,767","621","4","195,081","195,081","9,421","13,314","23,868","29,953","26,495","29,838","30,210","21,162","9,262","1,522","36","380,865","380,865","19,230","26,804","45,488","61,088","54,039","59,510","57,486","38,956","16,048","2,176","40","186,020","186,020","9,911","13,520","21,680","31,180","27,657","29,636","27,335","17,690","6,772","635","4","194,845","194,845","9,319","13,284","23,808","29,908","26,382","29,874","30,151","21,266","9,276","1,541","36","380,911","380,911","19,182","26,808","45,387","61,257","53,897","59,232","57,555","39,197","16,149","2,208","39","185,987","185,987","9,869","13,538","21,637","31,249","27,582","29,505","27,333","17,808","6,818","644","4","194,924","194,924","9,313","13,270","23,750","30,008","26,315","29,727","30,222","21,389","9,331","1,564","35","380,796","380,796","19,141","26,755","45,179","61,428","53,808","59,197","57,495","39,334","16,197","2,224","38","185,878","185,878","9,836","13,521","21,536","31,346","27,523","29,456","27,290","17,872","6,850","645","3","194,918","194,918","9,305","13,234","23,643","30,082","26,285","29,741","30,205","21,462","9,347","1,579","35"
"서울특별시 금천구 (1154500000)","221,840","221,840","8,259","11,989","31,368","39,648","27,269","34,657","36,749","21,530","9,127","1,221","23","111,296","111,296","4,217","6,104","14,935","21,770","14,655","17,398","18,154","9,930","3,800","326","7","110,544","110,544","4,042","5,885","16,433","17,878","12,614","17,259","18,595","11,600","5,327","895","16","221,639","221,639","8,171","11,948","31,262","39,632","27,227","34,553","36,802","21,660","9,135","1,225","24","111,194","111,194","4,163","6,091","14,886","21,779","14,647","17,322","18,182","9,987","3,801","329","7","110,445","110,445","4,008","5,857","16,376","17,853","12,580","17,231","18,620","11,673","5,334","896","17","221,554","221,554","8,142","11,916","31,169","39,747","27,167","34,301","36,868","21,786","9,184","1,251","23","111,113","111,113","4,142","6,079","14,803","21,825","14,636","17,159","18,251","10,047","3,824","341","6","110,441","110,441","4,000","5,837","16,366","17,922","12,531","17,142","18,617","11,739","5,360","910","17","221,562","221,562","8,120","11,902","31,059","39,862","27,143","34,214","36,853","21,906","9,220","1,260","23","111,078","111,078","4,134","6,056","14,715","21,868","14,635","17,121","18,257","10,107","3,829","350","6","110,484","110,484","3,986","5,846","16,344","17,994","12,508","17,093","18,596","11,799","5,391","910","17"
"서울특별시 영등포구 (1156000000)","368,295","368,295","19,633","22,273","52,310","73,850","51,574","53,067","48,309","30,745","14,290","2,195","49","179,452","179,452","10,009","11,476","23,161","37,110","26,443","26,628","23,852","14,139","5,907","717","10","188,843","188,843","9,624","10,797","29,149","36,740","25,131","26,439","24,457","16,606","8,383","1,478","39","368,150","368,150","19,457","22,283","52,214","73,706","51,594","53,124","48,339","30,838","14,324","2,223","48","179,329","179,329","9,921","11,471","23,110","36,996","26,448","26,652","23,891","14,179","5,940","712","9","188,821","188,821","9,536","10,812","29,104","36,710","25,146","26,472","24,448","16,659","8,384","1,511","39","368,299","368,299","19,447","22,244","52,157","74,070","51,412","52,921","48,433","30,970","14,338","2,259","48","179,356","179,356","9,897","11,436","23,083","37,150","26,331","26,591","23,943","14,231","5,954","731","9","188,943","188,943","9,550","10,808","29,074","36,920","25,081","26,330","24,490","16,739","8,384","1,528","39","368,598","368,598","19,482","22,249","51,914","74,452","51,397","52,933","48,474","31,026","14,333","2,291","47","179,516","179,516","9,923","11,439","22,988","37,308","26,348","26,579","23,983","14,240","5,956","743","9","189,082","189,082","9,559","10,810","28,926","37,144","25,049","26,354","24,491","16,786","8,377","1,548","38"
"서울특별시 동작구 (1159000000)","369,347","369,347","17,262","24,789","59,494","61,302","50,559","55,748","49,401","33,012","15,461","2,265","54","178,191","178,191","8,869","12,705","28,271","31,303","25,422","27,113","22,954","14,398","6,453","691","12","191,156","191,156","8,393","12,084","31,223","29,999","25,137","28,635","26,447","18,614","9,008","1,574","42","369,340","369,340","17,120","24,963","59,369","61,215","50,389","55,784","49,484","33,137","15,540","2,286","53","178,233","178,233","8,809","12,781","28,262","31,259","25,327","27,144","23,005","14,438","6,494","702","12","191,107","191,107","8,311","12,182","31,107","29,956","25,062","28,640","26,479","18,699","9,046","1,584","41","369,835","369,835","17,102","25,117","59,360","61,599","50,179","55,764","49,467","33,244","15,613","2,337","53","178,426","178,426","8,810","12,839","28,260","31,411","25,234","27,110","23,024","14,498","6,510","717","13","191,409","191,409","8,292","12,278","31,100","30,188","24,945","28,654","26,443","18,746","9,103","1,620","40","369,852","369,852","17,097","25,032","59,205","61,859","50,160","55,704","49,400","33,319","15,659","2,367","50","178,441","178,441","8,789","12,827","28,142","31,566","25,227","27,120","22,973","14,532","6,532","721","12","191,411","191,411","8,308","12,205","31,063","30,293","24,933","28,584","26,427","18,787","9,127","1,646","38"
"서울특별시 관악구 (1162000000)","474,352","474,352","13,808","23,506","100,939","93,574","56,968","63,739","59,414","41,270","18,846","2,247","41","238,326","238,326","7,022","11,896","48,335","52,244","30,775","32,720","28,391","18,271","7,973","694","5","236,026","236,026","6,786","11,610","52,604","41,330","26,193","31,019","31,023","22,999","10,873","1,553","36","474,921","474,921","13,689","23,770","101,260","93,438","56,935","63,719","59,430","41,429","18,911","2,298","42","238,542","238,542","6,960","12,010","48,461","52,151","30,782","32,715","28,417","18,345","7,975","721","5","236,379","236,379","6,729","11,760","52,799","41,287","26,153","31,004","31,013","23,084","10,936","1,577","37","475,220","475,220","13,592","23,914","101,298","93,770","56,768","63,492","59,341","41,674","18,978","2,351","42","238,619","238,619","6,891","12,042","48,436","52,323","30,690","32,670","28,354","18,462","8,008","737","6","236,601","236,601","6,701","11,872","52,862","41,447","26,078","30,822","30,987","23,212","10,970","1,614","36","474,894","474,894","13,581","23,796","101,010","93,973","56,650","63,392","59,312","41,715","19,064","2,357","44","238,386","238,386","6,889","11,972","48,229","52,432","30,630","32,609","28,363","18,482","8,033","741","6","236,508","236,508","6,692","11,824","52,781","41,541","26,020","30,783","30,949","23,233","11,031","1,616","38"
"서울특별시 서초구 (1165000000)","411,346","411,346","26,458","45,737","47,768","57,261","70,669","67,374","48,026","32,274","13,535","2,182","62","195,489","195,489","13,681","23,052","22,589","26,662","32,549","33,108","22,446","14,500","6,174","712","16","215,857","215,857","12,777","22,685","25,179","30,599","38,120","34,266","25,580","17,774","7,361","1,470","46","411,632","411,632","26,510","45,784","47,525","57,089","70,880","67,504","48,016","32,458","13,606","2,195","65","195,552","195,552","13,706","23,078","22,451","26,543","32,678","33,124","22,444","14,595","6,205","711","17","216,080","216,080","12,804","22,706","25,074","30,546","38,202","34,380","25,572","17,863","7,401","1,484","48","411,494","411,494","26,403","45,725","47,383","57,135","70,509","67,591","48,104","32,652","13,706","2,222","64","195,413","195,413","13,649","23,040","22,374","26,536","32,504","33,137","22,500","14,705","6,226","725","17","216,081","216,081","12,754","22,685","25,009","30,599","38,005","34,454","25,604","17,947","7,480","1,497","47","410,939","410,939","26,303","45,667","47,164","56,998","70,335","67,622","48,075","32,724","13,754","2,235","62","195,097","195,097","13,611","22,978","22,259","26,483","32,386","33,147","22,505","14,729","6,248","737","14","215,842","215,842","12,692","22,689","24,905","30,515","37,949","34,475","25,570","17,995","7,506","1,498","48"
"서울특별시 강남구 (1168000000)","548,767","548,767","31,839","63,729","62,434","79,541","98,437","86,861","62,427","43,758","16,965","2,696","80","261,991","261,991","16,358","33,230","29,295","37,385","44,777","43,465","29,258","19,592","7,817","796","18","286,776","286,776","15,481","30,499","33,139","42,156","53,660","43,396","33,169","24,166","9,148","1,900","62","548,452","548,452","31,874","63,674","61,971","79,181","98,569","86,902","62,425","44,015","17,037","2,723","81","261,834","261,834","16,414","33,166","29,106","37,199","44,869","43,458","29,247","19,707","7,842","807","19","286,618","286,618","15,460","30,508","32,865","41,982","53,700","43,444","33,178","24,308","9,195","1,916","62","547,136","547,136","31,655","63,494","61,556","79,038","98,059","86,757","62,313","44,307","17,137","2,736","84","261,114","261,114","16,322","33,035","28,865","37,137","44,614","43,385","29,226","19,793","7,907","811","19","286,022","286,022","15,333","30,459","32,691","41,901","53,445","43,372","33,087","24,514","9,230","1,925","65","546,252","546,252","31,482","63,468","61,265","78,741","97,727","86,883","62,203","44,413","17,214","2,768","88","260,604","260,604","16,233","33,006","28,701","36,968","44,482","43,389","29,215","19,814","7,958","818","20","285,648","285,648","15,249","30,462","32,564","41,773","53,245","43,494","32,988","24,599","9,256","1,950","68"
"서울특별시 송파구 (1171000000)","641,695","641,695","39,345","57,138","75,792","105,697","103,499","97,489","86,959","53,427","19,051","3,215","83","307,095","307,095","20,201","28,866","35,380","50,572","49,771","47,199","40,670","25,173","8,358","887","18","334,600","334,600","19,144","28,272","40,412","55,125","53,728","50,290","46,289","28,254","10,693","2,328","65","644,898","644,898","39,817","57,505","75,595","106,076","104,302","97,870","87,267","53,950","19,185","3,246","85","308,696","308,696","20,447","29,068","35,264","50,774","50,167","47,400","40,817","25,400","8,436","904","19","336,202","336,202","19,370","28,437","40,331","55,302","54,135","50,470","46,450","28,550","10,749","2,342","66","645,942","645,942","39,759","57,546","75,409","106,370","104,205","97,917","87,541","54,502","19,309","3,298","86","309,180","309,180","20,403","29,091","35,173","50,925","50,155","47,369","40,986","25,629","8,506","923","20","336,762","336,762","19,356","28,455","40,236","55,445","54,050","50,548","46,555","28,873","10,803","2,375","66","646,319","646,319","39,685","57,594","75,105","106,551","104,197","97,900","87,720","54,763","19,413","3,305","86","309,275","309,275","20,326","29,121","35,016","51,001","50,118","47,350","41,083","25,744","8,565","930","21","337,044","337,044","19,359","28,473","40,089","55,550","54,079","50,550","46,637","29,019","10,848","2,375","65"
"서울특별시 강동구 (1174000000)","496,571","496,571","31,964","43,702","55,319","77,067","80,586","74,567","71,584","44,018","15,267","2,431","66","241,852","241,852","16,655","23,138","26,107","37,908","39,989","36,768","33,463","20,568","6,653","592","11","254,719","254,719","15,309","20,564","29,212","39,159","40,597","37,799","38,121","23,450","8,614","1,839","55","497,345","497,345","32,030","43,769","55,202","77,079","80,933","74,651","71,568","44,264","15,335","2,448","66","242,217","242,217","16,688","23,208","26,026","37,891","40,148","36,820","33,482","20,658","6,680","604","12","255,128","255,128","15,342","20,561","29,176","39,188","40,785","37,831","38,086","23,606","8,655","1,844","54","497,089","497,089","31,872","43,784","54,835","77,178","80,828","74,473","71,545","44,595","15,427","2,483","69","241,991","241,991","16,589","23,214","25,847","37,894","40,095","36,708","33,501","20,780","6,738","613","12","255,098","255,098","15,283","20,570","28,988","39,284","40,733","37,765","38,044","23,815","8,689","1,870","57","496,781","496,781","31,742","43,821","54,587","77,115","80,663","74,480","71,504","44,847","15,446","2,507","69","241,796","241,796","16,500","23,239","25,722","37,861","39,985","36,719","33,499","20,872","6,759","627","13","254,985","254,985","15,242","20,582","28,865","39,254","40,678","37,761","38,005","23,975","8,687","1,880","56"
